year,source,mean,lower,upper,units
1900,Antarctic Ice Sheet,0.0,-6.655146599999998,6.1948530680000005,mm difference from 1900 average
1901,Antarctic Ice Sheet,0.05452823700000131,-6.505146979999999,6.1948530680000005,mm difference from 1900 average
1902,Antarctic Ice Sheet,0.1092472080000011,-6.405146599999998,6.1948530680000005,mm difference from 1900 average
1903,Antarctic Ice Sheet,0.1630229950000004,-6.30514717,6.1948530680000005,mm difference from 1900 average
1904,Antarctic Ice Sheet,0.21721744600000115,-6.155146599999998,6.1948530680000005,mm difference from 1900 average
1905,Antarctic Ice Sheet,0.271737099000001,-6.05514717,6.1948530680000005,mm difference from 1900 average
1906,Antarctic Ice Sheet,0.32626152100000105,-5.905146599999998,6.144853115000001,mm difference from 1900 average
1907,Antarctic Ice Sheet,0.3805742270000021,-5.80514717,6.144853115000001,mm difference from 1900 average
1908,Antarctic Ice Sheet,0.4346580510000013,-5.655146599999998,6.144853115000001,mm difference from 1900 average
1909,Antarctic Ice Sheet,0.4891176230000003,-5.55514717,6.0948529250000005,mm difference from 1900 average
1910,Antarctic Ice Sheet,0.543312073000001,-5.455146789999999,6.0948529250000005,mm difference from 1900 average
1911,Antarctic Ice Sheet,0.597764015000001,-5.35514736,6.0948529250000005,mm difference from 1900 average
1912,Antarctic Ice Sheet,0.6520814900000005,-5.255146979999999,6.044852972000001,mm difference from 1900 average
1913,Antarctic Ice Sheet,0.7060585020000012,-5.10514736,6.044852972000001,mm difference from 1900 average
1914,Antarctic Ice Sheet,0.7604246139999997,-4.955146789999999,6.044852972000001,mm difference from 1900 average
1915,Antarctic Ice Sheet,0.8147392280000005,-4.85514736,6.044852972000001,mm difference from 1900 average
1916,Antarctic Ice Sheet,0.8689260490000006,-4.705146789999999,6.044852972000001,mm difference from 1900 average
1917,Antarctic Ice Sheet,0.922676087000001,-4.60514736,6.044852972000001,mm difference from 1900 average
1918,Antarctic Ice Sheet,0.9775743490000011,-4.505146979999999,5.994853020000001,mm difference from 1900 average
1919,Antarctic Ice Sheet,1.0320758820000009,-4.405146599999998,5.994853020000001,mm difference from 1900 average
1920,Antarctic Ice Sheet,1.0856132510000016,-4.255146979999999,5.994853020000001,mm difference from 1900 average
1921,Antarctic Ice Sheet,1.139894486000001,-4.155146599999998,5.994853020000001,mm difference from 1900 average
1922,Antarctic Ice Sheet,1.194589615,-4.05514717,5.994853020000001,mm difference from 1900 average
1923,Antarctic Ice Sheet,1.2483568190000014,-3.9051465999999984,6.044852972000001,mm difference from 1900 average
1924,Antarctic Ice Sheet,1.3032245640000006,-3.7551469799999992,6.044852972000001,mm difference from 1900 average
1925,Antarctic Ice Sheet,1.3570575720000004,-3.6551465999999984,6.044852972000001,mm difference from 1900 average
1926,Antarctic Ice Sheet,1.412163735,-3.5551471699999997,6.044852972000001,mm difference from 1900 average
1927,Antarctic Ice Sheet,1.4657878879999995,-3.4051465999999984,5.994853020000001,mm difference from 1900 average
1928,Antarctic Ice Sheet,1.5196418770000015,-3.3051471699999997,5.994853020000001,mm difference from 1900 average
1929,Antarctic Ice Sheet,1.5738453870000013,-3.205146789999999,5.994853020000001,mm difference from 1900 average
1930,Antarctic Ice Sheet,1.6285066610000012,-3.0551471699999997,5.994853020000001,mm difference from 1900 average
1931,Antarctic Ice Sheet,1.6822304730000006,-2.955146789999999,5.994853020000001,mm difference from 1900 average
1932,Antarctic Ice Sheet,1.7375116350000006,-2.8051471699999997,5.994853020000001,mm difference from 1900 average
1933,Antarctic Ice Sheet,1.7913575179999999,-2.705146789999999,5.994853020000001,mm difference from 1900 average
1934,Antarctic Ice Sheet,1.8459777830000004,-2.60514736,5.9448530680000005,mm difference from 1900 average
1935,Antarctic Ice Sheet,1.8999900820000013,-2.455146789999999,5.9448530680000005,mm difference from 1900 average
1936,Antarctic Ice Sheet,1.9540252690000006,-2.35514736,5.9448530680000005,mm difference from 1900 average
1937,Antarctic Ice Sheet,2.0078706740000003,-2.205146789999999,5.994853020000001,mm difference from 1900 average
1938,Antarctic Ice Sheet,2.0631394390000004,-2.10514736,5.994853020000001,mm difference from 1900 average
1939,Antarctic Ice Sheet,2.1169128420000014,-1.9551467899999988,5.994853020000001,mm difference from 1900 average
1940,Antarctic Ice Sheet,2.171212197000001,-1.8551473600000001,5.994853020000001,mm difference from 1900 average
1941,Antarctic Ice Sheet,2.225073815000001,-1.7051467899999988,5.9448530680000005,mm difference from 1900 average
1942,Antarctic Ice Sheet,2.2793507580000005,-1.6051473600000001,5.9448530680000005,mm difference from 1900 average
1943,Antarctic Ice Sheet,2.3344540600000006,-1.5051469799999992,5.994853020000001,mm difference from 1900 average
1944,Antarctic Ice Sheet,2.388138295000001,-1.3551473600000001,5.994853020000001,mm difference from 1900 average
1945,Antarctic Ice Sheet,2.4426794050000007,-1.2551469799999992,5.994853020000001,mm difference from 1900 average
1946,Antarctic Ice Sheet,2.4973011020000015,-1.1551465999999984,5.994853020000001,mm difference from 1900 average
1947,Antarctic Ice Sheet,2.550888062000001,-1.0551471699999997,5.994853020000001,mm difference from 1900 average
1948,Antarctic Ice Sheet,2.6055908210000007,-0.9051465999999984,5.994853020000001,mm difference from 1900 average
1949,Antarctic Ice Sheet,2.659551621000001,-0.8051471699999997,5.994853020000001,mm difference from 1900 average
1950,Antarctic Ice Sheet,2.7143607140000006,-0.7051467899999988,5.994853020000001,mm difference from 1900 average
1951,Antarctic Ice Sheet,2.768178463,-0.5551471699999997,5.994853020000001,mm difference from 1900 average
1952,Antarctic Ice Sheet,2.822674752000001,-0.4551467889999987,5.994853020000001,mm difference from 1900 average
1953,Antarctic Ice Sheet,2.8769211770000016,-0.3551473610000002,5.994853020000001,mm difference from 1900 average
1954,Antarctic Ice Sheet,2.930902005000001,-0.20514678899999872,5.994853020000001,mm difference from 1900 average
1955,Antarctic Ice Sheet,2.985478401000001,-0.10514736100000022,5.994853020000001,mm difference from 1900 average
1956,Antarctic Ice Sheet,3.0391469000000004,-0.005146979999999246,6.044852972000001,mm difference from 1900 average
1957,Antarctic Ice Sheet,3.0933609010000014,0.09485340100000172,5.994853020000001,mm difference from 1900 average
1958,Antarctic Ice Sheet,3.147938252000001,0.19485282900000023,6.044852972000001,mm difference from 1900 average
1959,Antarctic Ice Sheet,3.201821327000001,0.2948532110000013,6.044852972000001,mm difference from 1900 average
1960,Antarctic Ice Sheet,3.2566862110000008,0.4448528290000002,6.044852972000001,mm difference from 1900 average
1961,Antarctic Ice Sheet,3.3098235130000004,0.5448532110000013,6.044852972000001,mm difference from 1900 average
1962,Antarctic Ice Sheet,3.3653426170000014,0.6948528290000002,6.044852972000001,mm difference from 1900 average
1963,Antarctic Ice Sheet,3.4189348220000015,0.7948532110000013,6.044852972000001,mm difference from 1900 average
1964,Antarctic Ice Sheet,3.4729151730000005,0.8948526389999998,6.044852972000001,mm difference from 1900 average
1965,Antarctic Ice Sheet,3.5277004240000007,0.9948530200000008,6.0948529250000005,mm difference from 1900 average
1966,Antarctic Ice Sheet,3.5816125870000013,1.1448526389999998,6.0948529250000005,mm difference from 1900 average
1967,Antarctic Ice Sheet,3.6358265880000005,1.2448530200000008,6.0948529250000005,mm difference from 1900 average
1968,Antarctic Ice Sheet,3.6909899710000014,1.3448534010000017,6.144853115000001,mm difference from 1900 average
1969,Antarctic Ice Sheet,3.744474888,1.4448528290000002,6.144853115000001,mm difference from 1900 average
1970,Antarctic Ice Sheet,3.798249245000001,1.5448532110000013,6.144853115000001,mm difference from 1900 average
1971,Antarctic Ice Sheet,3.853356839000001,1.6948528290000002,6.144853115000001,mm difference from 1900 average
1972,Antarctic Ice Sheet,3.907964230000001,1.7448530200000008,6.1948530680000005,mm difference from 1900 average
1973,Antarctic Ice Sheet,3.961734295000001,1.8448529250000005,6.1948530680000005,mm difference from 1900 average
1974,Antarctic Ice Sheet,4.016170502000001,1.9448528290000002,6.244853020000001,mm difference from 1900 average
1975,Antarctic Ice Sheet,4.069906712000002,2.0948529250000005,6.244853020000001,mm difference from 1900 average
1976,Antarctic Ice Sheet,4.124876976000001,2.144853115000001,6.244853020000001,mm difference from 1900 average
1977,Antarctic Ice Sheet,4.178319931000001,2.2448530200000008,6.244853020000001,mm difference from 1900 average
1978,Antarctic Ice Sheet,4.2328019150000005,2.3448529250000005,6.294852972000001,mm difference from 1900 average
1979,Antarctic Ice Sheet,4.2871541980000005,2.4448528290000002,6.294852972000001,mm difference from 1900 average
1980,Antarctic Ice Sheet,4.341466427,2.4948530200000008,6.3448529250000005,mm difference from 1900 average
1981,Antarctic Ice Sheet,4.395578862000001,2.5448532110000013,6.3448529250000005,mm difference from 1900 average
1982,Antarctic Ice Sheet,4.4502854350000005,2.644853115000001,6.394853115000001,mm difference from 1900 average
1983,Antarctic Ice Sheet,4.503701210000001,2.7448530200000008,6.394853115000001,mm difference from 1900 average
1984,Antarctic Ice Sheet,4.558806896000001,2.7948532110000013,6.4448530680000005,mm difference from 1900 average
1985,Antarctic Ice Sheet,4.612183094000001,2.8448529250000005,6.4448530680000005,mm difference from 1900 average
1986,Antarctic Ice Sheet,4.667355538000001,2.894853115000001,6.494853020000001,mm difference from 1900 average
1987,Antarctic Ice Sheet,4.721502781000001,2.9448528290000002,6.544852972000001,mm difference from 1900 average
1988,Antarctic Ice Sheet,4.775956154,3.0448532110000013,6.5948529250000005,mm difference from 1900 average
1989,Antarctic Ice Sheet,4.829233170000001,3.144853115000001,6.644853115000001,mm difference from 1900 average
1990,Antarctic Ice Sheet,4.884601116000001,3.1948528290000002,6.6948530680000005,mm difference from 1900 average
1991,Antarctic Ice Sheet,4.937898636000001,3.2448530200000008,6.744853020000001,mm difference from 1900 average
1992,Antarctic Ice Sheet,4.780322552,3.0448532110000013,6.644853115000001,mm difference from 1900 average
1993,Antarctic Ice Sheet,4.811786652,2.9948530200000008,6.894853115000001,mm difference from 1900 average
1994,Antarctic Ice Sheet,5.149132729000001,3.4948530200000008,7.0948529250000005,mm difference from 1900 average
1995,Antarctic Ice Sheet,5.393956662000001,3.7948532110000013,7.1948530680000005,mm difference from 1900 average
1996,Antarctic Ice Sheet,5.5172286040000005,3.9948530200000008,7.1948530680000005,mm difference from 1900 average
1997,Antarctic Ice Sheet,5.671361685000001,4.294853211000001,7.244853020000001,mm difference from 1900 average
1998,Antarctic Ice Sheet,5.844531536000002,4.494853020000001,7.394853115000001,mm difference from 1900 average
1999,Antarctic Ice Sheet,6.134362459,4.944852829,7.494853020000001,mm difference from 1900 average
2000,Antarctic Ice Sheet,6.358781815,5.294853211000001,7.544852972000001,mm difference from 1900 average
2001,Antarctic Ice Sheet,6.515281439000001,5.444852829,7.594853044000001,mm difference from 1900 average
2002,Antarctic Ice Sheet,6.623284102000001,5.744853020000001,7.544852972000001,mm difference from 1900 average
2003,Antarctic Ice Sheet,6.934351921000001,6.1948530680000005,7.794852972000001,mm difference from 1900 average
2004,Antarctic Ice Sheet,7.414703846,6.794852972000001,8.144852996000001,mm difference from 1900 average
2005,Antarctic Ice Sheet,7.340769291000001,6.794852972000001,7.9448530680000005,mm difference from 1900 average
2006,Antarctic Ice Sheet,7.0804810530000015,6.644853115000001,7.594853044000001,mm difference from 1900 average
2007,Antarctic Ice Sheet,7.648471594000001,7.294852972000001,8.044852972000001,mm difference from 1900 average
2008,Antarctic Ice Sheet,8.460950494,8.194853068,8.74485302,mm difference from 1900 average
2009,Antarctic Ice Sheet,8.416445375,8.24485302,8.594853044,mm difference from 1900 average
2010,Antarctic Ice Sheet,9.259132862000001,9.194853008,9.344853014,mm difference from 1900 average
2011,Antarctic Ice Sheet,9.581959814000001,9.49485302,9.644853026000002,mm difference from 1900 average
2012,Antarctic Ice Sheet,9.877734095000001,9.694853023,10.044853032,mm difference from 1900 average
2013,Antarctic Ice Sheet,10.574824095,10.294853032,10.794852972000001,mm difference from 1900 average
2014,Antarctic Ice Sheet,11.264904023000001,10.894852996000001,11.594852925000001,mm difference from 1900 average
2015,Antarctic Ice Sheet,12.196410895000001,11.694853068,12.644853115,mm difference from 1900 average
2016,Antarctic Ice Sheet,12.006783724000002,11.394852996000001,12.544852972000001,mm difference from 1900 average
2017,Antarctic Ice Sheet,12.147271395,11.394852996000001,12.794852972000001,mm difference from 1900 average
2018,Antarctic Ice Sheet,13.30487442,12.444853068,14.044853211000001,mm difference from 1900 average
1900,Glaciers,0.0,-15.946304319999996,17.053695680000004,mm difference from 1900 average
1901,Glaciers,0.8498840299999983,-15.046302789999999,17.753696440000006,mm difference from 1900 average
1902,Glaciers,1.7100601200000085,-13.946304319999996,18.353694920000002,mm difference from 1900 average
1903,Glaciers,2.281600949999998,-13.296302789999999,19.003696440000006,mm difference from 1900 average
1904,Glaciers,3.1229553200000026,-12.246307369999997,19.753696440000006,mm difference from 1900 average
1905,Glaciers,4.118591309999999,-11.146301269999995,20.70369721,mm difference from 1900 average
1906,Glaciers,4.918388370000002,-10.146301269999995,21.503696440000006,mm difference from 1900 average
1907,Glaciers,5.570434570000003,-9.346305849999993,21.903694150000007,mm difference from 1900 average
1908,Glaciers,6.360244750000007,-8.396301269999995,22.503696440000006,mm difference from 1900 average
1909,Glaciers,7.10708618000001,-7.396301269999995,23.153694150000007,mm difference from 1900 average
1910,Glaciers,7.802604680000002,-6.696304319999996,23.753696440000006,mm difference from 1900 average
1911,Glaciers,8.69172669000001,-5.596305849999993,24.503696440000006,mm difference from 1900 average
1912,Glaciers,9.442245480000011,-4.696304319999996,25.153694150000007,mm difference from 1900 average
1913,Glaciers,10.12659454,-3.846305849999993,25.803695680000004,mm difference from 1900 average
1914,Glaciers,11.258781429999999,-2.5463027899999986,26.70369721,mm difference from 1900 average
1915,Glaciers,12.808433530000002,-0.896301269999995,27.903694150000007,mm difference from 1900 average
1916,Glaciers,13.809425360000006,0.40369415000000686,28.95369721,mm difference from 1900 average
1917,Glaciers,15.003448490000011,1.9036941500000069,30.053695680000004,mm difference from 1900 average
1918,Glaciers,16.052249910000008,3.353698730000005,30.853694920000002,mm difference from 1900 average
1919,Glaciers,16.919734960000007,4.353698730000005,31.603694920000002,mm difference from 1900 average
1920,Glaciers,17.442047120000005,5.003692630000003,32.10369492,mm difference from 1900 average
1921,Glaciers,18.055736540000005,5.603698730000005,32.503696440000006,mm difference from 1900 average
1922,Glaciers,18.799400330000005,6.403694150000007,33.20369721,mm difference from 1900 average
1923,Glaciers,19.990341190000002,7.753692630000003,34.20369721,mm difference from 1900 average
1924,Glaciers,20.93107605,8.853698730000005,35.003696440000006,mm difference from 1900 average
1925,Glaciers,21.864692690000005,10.003692630000003,35.85369492,mm difference from 1900 average
1926,Glaciers,22.927490240000004,11.303695680000004,36.753696440000006,mm difference from 1900 average
1927,Glaciers,24.059810640000002,12.653694150000007,37.803695680000004,mm difference from 1900 average
1928,Glaciers,25.082416540000004,14.003692630000003,38.753696440000006,mm difference from 1900 average
1929,Glaciers,26.057418820000002,15.303695680000004,39.753696440000006,mm difference from 1900 average
1930,Glaciers,27.018772130000002,16.403694150000007,40.60369492,mm difference from 1900 average
1931,Glaciers,28.335033420000002,17.903694150000007,41.803695680000004,mm difference from 1900 average
1932,Glaciers,29.266345980000004,19.053695680000004,42.40369415000001,mm difference from 1900 average
1933,Glaciers,30.174716950000004,20.103694920000002,43.20369721,mm difference from 1900 average
1934,Glaciers,30.912563330000005,21.003696440000006,43.803695680000004,mm difference from 1900 average
1935,Glaciers,31.79192734,22.003696440000006,44.65369415000001,mm difference from 1900 average
1936,Glaciers,32.86084366000001,23.303695680000004,45.65369415000001,mm difference from 1900 average
1937,Glaciers,33.80089951,24.45369721,46.60369492,mm difference from 1900 average
1938,Glaciers,34.780113220000004,25.503696440000006,47.45369721,mm difference from 1900 average
1939,Glaciers,35.56071854,26.353694920000002,48.15369606,mm difference from 1900 average
1940,Glaciers,36.51137543,27.45369721,49.053695680000004,mm difference from 1900 average
1941,Glaciers,37.54894257,28.653694150000007,50.003696440000006,mm difference from 1900 average
1942,Glaciers,38.490551,29.803695680000004,51.003696440000006,mm difference from 1900 average
1943,Glaciers,39.577915190000006,31.053695680000004,52.053695680000004,mm difference from 1900 average
1944,Glaciers,40.73884583,32.45369721,53.10369492,mm difference from 1900 average
1945,Glaciers,41.739013670000006,33.60369492,53.85369492,mm difference from 1900 average
1946,Glaciers,42.672424320000005,34.70369721,54.803695680000004,mm difference from 1900 average
1947,Glaciers,43.71175385,35.85369492,55.753696440000006,mm difference from 1900 average
1948,Glaciers,44.625556950000004,36.85369492,56.60369492,mm difference from 1900 average
1949,Glaciers,45.24507904000001,37.70369721,57.20369530000001,mm difference from 1900 average
1950,Glaciers,46.35648346000001,38.803695680000004,58.20369530000001,mm difference from 1900 average
1951,Glaciers,47.13441849,39.60369492,59.003696440000006,mm difference from 1900 average
1952,Glaciers,48.06114960000001,40.65369415000001,60.10369492,mm difference from 1900 average
1953,Glaciers,49.061882020000006,41.85369492,61.003696440000006,mm difference from 1900 average
1954,Glaciers,49.8781929,42.70369721,61.803695680000004,mm difference from 1900 average
1955,Glaciers,50.34314156000001,43.20369721,62.053695680000004,mm difference from 1900 average
1956,Glaciers,51.24902153000001,44.20369721,63.10369492,mm difference from 1900 average
1957,Glaciers,52.23376656000001,45.40369415000001,63.70369530000001,mm difference from 1900 average
1958,Glaciers,52.97769737,46.40369415000001,64.15369606,mm difference from 1900 average
1959,Glaciers,53.524839400000005,47.053695680000004,64.35369587000001,mm difference from 1900 average
1960,Glaciers,54.271350860000005,47.85369492,64.90369606,mm difference from 1900 average
1961,Glaciers,55.01905251000001,48.70369530000001,65.30369568,mm difference from 1900 average
1962,Glaciers,55.84877396,49.60369492,66.10369587000001,mm difference from 1900 average
1963,Glaciers,56.20873642000001,50.10369492,66.00369549,mm difference from 1900 average
1964,Glaciers,56.206205370000006,49.90369606,65.40369606,mm difference from 1900 average
1965,Glaciers,56.33385468,49.95369530000001,65.30369568,mm difference from 1900 average
1966,Glaciers,56.69479942,50.553695680000004,65.4536953,mm difference from 1900 average
1967,Glaciers,57.02680206000001,50.803695680000004,65.4536953,mm difference from 1900 average
1968,Glaciers,57.23842812000001,51.10369492,65.75369549,mm difference from 1900 average
1969,Glaciers,57.7099762,51.70369530000001,66.10369587000001,mm difference from 1900 average
1970,Glaciers,58.00259209000001,52.15369606,66.15369606,mm difference from 1900 average
1971,Glaciers,58.47037315,52.70369530000001,66.50369549,mm difference from 1900 average
1972,Glaciers,58.51189041000001,53.10369492,66.35369587000001,mm difference from 1900 average
1973,Glaciers,58.785821920000004,53.35369492,66.35369587000001,mm difference from 1900 average
1974,Glaciers,59.193977360000005,53.803695680000004,66.50369549,mm difference from 1900 average
1975,Glaciers,59.50953865,54.20369530000001,66.55369568,mm difference from 1900 average
1976,Glaciers,59.636117940000005,54.40369606,66.55369568,mm difference from 1900 average
1977,Glaciers,60.19531441000001,55.10369492,67.00369549,mm difference from 1900 average
1978,Glaciers,60.80105591,55.85369492,67.35369587000001,mm difference from 1900 average
1979,Glaciers,61.424484250000006,56.85369492,68.05369568,mm difference from 1900 average
1980,Glaciers,61.866188050000005,57.253696440000006,68.2036953,mm difference from 1900 average
1981,Glaciers,62.31820488,57.553695680000004,68.40369606,mm difference from 1900 average
1982,Glaciers,62.69622994000001,58.053695680000004,68.7036953,mm difference from 1900 average
1983,Glaciers,62.94399834000001,58.253696440000006,68.65369606,mm difference from 1900 average
1984,Glaciers,63.53661919,59.003696440000006,68.9536953,mm difference from 1900 average
1985,Glaciers,64.0760231,59.65369606,69.50369549,mm difference from 1900 average
1986,Glaciers,64.42468643000001,60.053695680000004,69.80369568,mm difference from 1900 average
1987,Glaciers,64.74432278,60.503696440000006,69.853695871,mm difference from 1900 average
1988,Glaciers,65.20784378,61.003696440000006,70.05369568,mm difference from 1900 average
1989,Glaciers,65.73745632,61.65369606,70.403696061,mm difference from 1900 average
1990,Glaciers,66.60241699000001,62.70369530000001,70.80369568,mm difference from 1900 average
1991,Glaciers,67.2736454,63.45369530000001,71.153696061,mm difference from 1900 average
1992,Glaciers,67.44474316,63.85369587,71.353695871,mm difference from 1900 average
1993,Glaciers,68.19322872000001,64.7036953,72.103695871,mm difference from 1900 average
1994,Glaciers,68.88939381,65.55369568,72.603695871,mm difference from 1900 average
1995,Glaciers,69.715094568,66.65369606,73.05369568,mm difference from 1900 average
1996,Glaciers,69.974835397,67.2036953,73.203695775,mm difference from 1900 average
1997,Glaciers,70.66855430700001,68.35369587000001,73.75369548900001,mm difference from 1900 average
1998,Glaciers,71.58870458700001,69.35369587000001,74.30369568,mm difference from 1900 average
1999,Glaciers,72.18609571600001,70.25369548900001,74.603695871,mm difference from 1900 average
2000,Glaciers,72.684953214,70.903696061,74.703695775,mm difference from 1900 average
2001,Glaciers,73.276749612,71.853695871,75.00369548900001,mm difference from 1900 average
2002,Glaciers,73.897881032,72.80369568,75.05369568,mm difference from 1900 average
2003,Glaciers,74.800696374,74.453695775,75.15369558500001,mm difference from 1900 average
2004,Glaciers,75.575276376,75.25369548900001,75.853695632,mm difference from 1900 average
2005,Glaciers,76.101621152,75.80369568,76.353695632,mm difference from 1900 average
2006,Glaciers,76.90944600200001,76.65369558500001,77.103695632,mm difference from 1900 average
2007,Glaciers,77.576563717,77.353695632,77.75369572800001,mm difference from 1900 average
2008,Glaciers,78.105041744,77.95369565600001,78.25369572800001,mm difference from 1900 average
2009,Glaciers,78.74417323,78.603695692,78.903695704,mm difference from 1900 average
2010,Glaciers,79.657810235,79.55369568,79.80369568,mm difference from 1900 average
2011,Glaciers,80.287740172,80.153695704,80.403695704,mm difference from 1900 average
2012,Glaciers,80.554316641,80.403695704,80.70369565600001,mm difference from 1900 average
2013,Glaciers,81.42114484400001,81.25369572800001,81.603695632,mm difference from 1900 average
2014,Glaciers,82.161499025,82.00369572800001,82.353695632,mm difference from 1900 average
2015,Glaciers,82.946356298,82.75369572800001,83.203695775,mm difference from 1900 average
2016,Glaciers,83.651720525,83.40369558500001,83.90369558500001,mm difference from 1900 average
2017,Glaciers,84.53961658600001,84.203695775,84.90369558500001,mm difference from 1900 average
2018,Glaciers,84.82573414000001,84.40369558500001,85.30369568,mm difference from 1900 average
1900,Greenland Ice Sheet,0.0,-10.735572820000002,10.66442489,mm difference from 1900 average
1901,Greenland Ice Sheet,-0.11495972000000165,-10.885574340000005,10.464427949999994,mm difference from 1900 average
1902,Greenland Ice Sheet,0.20272826999999438,-10.58557511,10.614425659999995,mm difference from 1900 average
1903,Greenland Ice Sheet,0.6108779899999988,-10.135574340000005,11.114425659999995,mm difference from 1900 average
1904,Greenland Ice Sheet,1.4378700199999983,-8.135574340000005,10.66442489,mm difference from 1900 average
1905,Greenland Ice Sheet,1.647220609999998,-7.035572050000006,10.114425659999995,mm difference from 1900 average
1906,Greenland Ice Sheet,2.1081390399999975,-6.385574340000005,10.564426419999997,mm difference from 1900 average
1907,Greenland Ice Sheet,2.4736862199999976,-6.135574340000005,10.814426419999997,mm difference from 1900 average
1908,Greenland Ice Sheet,3.183795929999995,-5.385574340000005,11.514427179999998,mm difference from 1900 average
1909,Greenland Ice Sheet,3.756938929999997,-3.635574340000005,10.91442489,mm difference from 1900 average
1910,Greenland Ice Sheet,4.206726069999995,-1.3855743400000051,9.764427179999998,mm difference from 1900 average
1911,Greenland Ice Sheet,4.27876663,-1.2355728200000016,9.764427179999998,mm difference from 1900 average
1912,Greenland Ice Sheet,4.804073329999994,-0.6855735800000033,10.314426419999997,mm difference from 1900 average
1913,Greenland Ice Sheet,5.143253319999992,-0.23557282000000157,10.66442489,mm difference from 1900 average
1914,Greenland Ice Sheet,5.301338189999996,-0.03557205000000607,10.614425659999995,mm difference from 1900 average
1915,Greenland Ice Sheet,5.623832699999994,0.3644256599999949,10.814426419999997,mm difference from 1900 average
1916,Greenland Ice Sheet,5.798954009999996,0.5144271799999984,10.964427949999994,mm difference from 1900 average
1917,Greenland Ice Sheet,6.486705779999994,1.3144264199999967,11.614425659999995,mm difference from 1900 average
1918,Greenland Ice Sheet,6.595855709999995,1.464427949999994,11.614425659999995,mm difference from 1900 average
1919,Greenland Ice Sheet,6.76171875,1.714427949999994,11.714427949999994,mm difference from 1900 average
1920,Greenland Ice Sheet,6.9412269599999945,1.9144248899999994,11.814426419999997,mm difference from 1900 average
1921,Greenland Ice Sheet,7.100280759999997,2.0644264199999967,12.014427179999998,mm difference from 1900 average
1922,Greenland Ice Sheet,6.904022209999994,2.0144271799999984,11.764427179999998,mm difference from 1900 average
1923,Greenland Ice Sheet,7.227603909999999,2.3144264199999967,12.014427179999998,mm difference from 1900 average
1924,Greenland Ice Sheet,7.8145141599999945,3.0644264199999967,12.514427179999998,mm difference from 1900 average
1925,Greenland Ice Sheet,8.006359099999997,3.3144264199999967,12.714427949999994,mm difference from 1900 average
1926,Greenland Ice Sheet,9.026550289999996,4.414424889999999,13.66442489,mm difference from 1900 average
1927,Greenland Ice Sheet,9.780265809999996,5.164424889999999,14.41442489,mm difference from 1900 average
1928,Greenland Ice Sheet,10.903919219999992,6.364425659999995,15.41442489,mm difference from 1900 average
1929,Greenland Ice Sheet,11.93214416,7.514427179999998,16.314426419999997,mm difference from 1900 average
1930,Greenland Ice Sheet,12.545555109999995,8.114425659999995,16.914426799999998,mm difference from 1900 average
1931,Greenland Ice Sheet,14.38956451,10.014427179999998,18.714426039999996,mm difference from 1900 average
1932,Greenland Ice Sheet,15.36641693,11.014427179999998,19.664426799999998,mm difference from 1900 average
1933,Greenland Ice Sheet,16.463266369999996,12.214427949999994,20.714426039999996,mm difference from 1900 average
1934,Greenland Ice Sheet,17.419315339999997,13.214427949999994,21.614425659999995,mm difference from 1900 average
1935,Greenland Ice Sheet,18.534864419999998,14.364425659999995,22.76442718,mm difference from 1900 average
1936,Greenland Ice Sheet,19.787210459999997,15.66442489,24.064426419999997,mm difference from 1900 average
1937,Greenland Ice Sheet,20.443244929999995,16.464426039999996,24.564426419999997,mm difference from 1900 average
1938,Greenland Ice Sheet,20.854034419999998,16.814426419999997,24.914426799999998,mm difference from 1900 average
1939,Greenland Ice Sheet,21.330848689999996,17.314426419999997,25.314426419999997,mm difference from 1900 average
1940,Greenland Ice Sheet,21.750530239999996,17.714426039999996,25.714426039999996,mm difference from 1900 average
1941,Greenland Ice Sheet,22.372089379999995,18.414426799999998,26.26442718,mm difference from 1900 average
1942,Greenland Ice Sheet,22.85211372,18.914426799999998,26.614425659999995,mm difference from 1900 average
1943,Greenland Ice Sheet,23.550727839999997,19.664426799999998,27.26442718,mm difference from 1900 average
1944,Greenland Ice Sheet,24.051492689999996,20.26442718,27.714426039999996,mm difference from 1900 average
1945,Greenland Ice Sheet,24.093381879999995,20.314426419999997,27.714426039999996,mm difference from 1900 average
1946,Greenland Ice Sheet,24.288185119999998,20.614425659999995,27.914426799999998,mm difference from 1900 average
1947,Greenland Ice Sheet,24.809946059999998,21.064426419999997,28.414426799999998,mm difference from 1900 average
1948,Greenland Ice Sheet,25.766801829999995,22.164426799999998,29.26442718,mm difference from 1900 average
1949,Greenland Ice Sheet,26.882114409999996,23.314426419999997,30.314426419999997,mm difference from 1900 average
1950,Greenland Ice Sheet,27.699010849999997,24.164426799999998,31.164426799999998,mm difference from 1900 average
1951,Greenland Ice Sheet,28.390237809999995,24.914426799999998,31.714426039999996,mm difference from 1900 average
1952,Greenland Ice Sheet,28.856164929999995,25.464426039999996,32.1644268,mm difference from 1900 average
1953,Greenland Ice Sheet,29.316190719999998,25.914426799999998,32.56442642,mm difference from 1900 average
1954,Greenland Ice Sheet,29.607625959999996,26.314426419999997,32.864426609999995,mm difference from 1900 average
1955,Greenland Ice Sheet,29.836683269999998,26.614425659999995,33.01442623,mm difference from 1900 average
1956,Greenland Ice Sheet,30.214584349999996,27.01442718,33.31442642,mm difference from 1900 average
1957,Greenland Ice Sheet,30.93735122,27.814426419999997,33.96442603999999,mm difference from 1900 average
1958,Greenland Ice Sheet,31.617963789999997,28.464426039999996,34.6644268,mm difference from 1900 average
1959,Greenland Ice Sheet,31.80527496,28.76442718,34.76442623,mm difference from 1900 average
1960,Greenland Ice Sheet,32.49115371,29.464426039999996,35.4144268,mm difference from 1900 average
1961,Greenland Ice Sheet,33.17410946,30.214426039999996,35.96442603999999,mm difference from 1900 average
1962,Greenland Ice Sheet,34.03554439,31.064426419999997,36.81442642,mm difference from 1900 average
1963,Greenland Ice Sheet,34.275596619999995,31.464426039999996,37.01442623,mm difference from 1900 average
1964,Greenland Ice Sheet,34.30870724,31.51442718,37.01442623,mm difference from 1900 average
1965,Greenland Ice Sheet,34.74321079,31.964426039999996,37.4144268,mm difference from 1900 average
1966,Greenland Ice Sheet,35.4734354,32.614426609999995,38.114426611,mm difference from 1900 average
1967,Greenland Ice Sheet,35.84152603,33.01442623,38.464426038999996,mm difference from 1900 average
1968,Greenland Ice Sheet,36.40113067,33.6644268,38.964426038999996,mm difference from 1900 average
1969,Greenland Ice Sheet,36.809493059999994,34.06442642,39.364426611,mm difference from 1900 average
1970,Greenland Ice Sheet,36.962690349999995,34.26442623,39.414426801,mm difference from 1900 average
1971,Greenland Ice Sheet,37.448370929999996,34.81442642,39.81442642,mm difference from 1900 average
1972,Greenland Ice Sheet,37.146066659999995,34.51442623,39.514426228999994,mm difference from 1900 average
1973,Greenland Ice Sheet,37.097115509999995,34.6644268,39.364426611,mm difference from 1900 average
1974,Greenland Ice Sheet,37.338161469999996,35.01442623,39.614426611,mm difference from 1900 average
1975,Greenland Ice Sheet,37.39433956,35.01442623,39.614426611,mm difference from 1900 average
1976,Greenland Ice Sheet,37.21764469,34.864426609999995,39.414426801,mm difference from 1900 average
1977,Greenland Ice Sheet,37.221817009999995,34.96442603999999,39.264426228999994,mm difference from 1900 average
1978,Greenland Ice Sheet,37.298336979999995,35.114426609999995,39.364426611,mm difference from 1900 average
1979,Greenland Ice Sheet,37.407285689999995,35.31442642,39.414426801,mm difference from 1900 average
1980,Greenland Ice Sheet,37.696276659999995,35.6644268,39.664426801,mm difference from 1900 average
1981,Greenland Ice Sheet,38.223493573999995,36.21442603999999,40.164426324999994,mm difference from 1900 average
1982,Greenland Ice Sheet,38.610665319,36.6644268,40.56442642,mm difference from 1900 average
1983,Greenland Ice Sheet,38.377476689999995,36.364426609999995,40.31442642,mm difference from 1900 average
1984,Greenland Ice Sheet,38.24225520899999,36.31442642,40.06442642,mm difference from 1900 average
1985,Greenland Ice Sheet,38.454141615,36.6644268,40.264426228999994,mm difference from 1900 average
1986,Greenland Ice Sheet,38.62903403999999,36.9144268,40.364426611,mm difference from 1900 average
1987,Greenland Ice Sheet,38.628000257,36.96442603999999,40.364426611,mm difference from 1900 average
1988,Greenland Ice Sheet,38.900061605,37.26442623,40.56442642,mm difference from 1900 average
1989,Greenland Ice Sheet,39.263217923999996,37.6644268,40.914426324999994,mm difference from 1900 average
1990,Greenland Ice Sheet,39.472414015,37.864426609999995,41.014426228999994,mm difference from 1900 average
1991,Greenland Ice Sheet,39.658062933,38.114426611,41.164426324999994,mm difference from 1900 average
1992,Greenland Ice Sheet,39.41631030799999,38.01442623,40.714426515,mm difference from 1900 average
1993,Greenland Ice Sheet,39.507155415999996,38.214426038999996,40.764426228999994,mm difference from 1900 average
1994,Greenland Ice Sheet,39.748342511999994,38.514426228999994,40.964426515,mm difference from 1900 average
1995,Greenland Ice Sheet,40.282747742999995,39.06442642,41.414426324999994,mm difference from 1900 average
1996,Greenland Ice Sheet,39.90886020399999,38.714426038999996,40.964426515,mm difference from 1900 average
1997,Greenland Ice Sheet,39.93524741899999,38.81442642,40.964426515,mm difference from 1900 average
1998,Greenland Ice Sheet,40.306850907999994,39.364426611,41.214426515,mm difference from 1900 average
1999,Greenland Ice Sheet,40.584499834,39.714426038999996,41.414426324999994,mm difference from 1900 average
2000,Greenland Ice Sheet,40.871096132,40.06442642,41.664426324999994,mm difference from 1900 average
2001,Greenland Ice Sheet,41.159095285,40.464426515,41.864426611,mm difference from 1900 average
2002,Greenland Ice Sheet,41.802368638999994,41.214426515,42.414426324999994,mm difference from 1900 average
2003,Greenland Ice Sheet,42.498618601,42.06442642,42.864426611,mm difference from 1900 average
2004,Greenland Ice Sheet,43.178711889,42.81442642,43.464426515,mm difference from 1900 average
2005,Greenland Ice Sheet,43.80846261799999,43.464426515,44.06442642,mm difference from 1900 average
2006,Greenland Ice Sheet,44.571901319,44.31442642,44.764426467999996,mm difference from 1900 average
2007,Greenland Ice Sheet,45.38029289,45.164426324999994,45.56442642,mm difference from 1900 average
2008,Greenland Ice Sheet,46.168679235,46.014426467999996,46.264426467999996,mm difference from 1900 average
2009,Greenland Ice Sheet,46.849595783,46.764426467999996,46.914426444,mm difference from 1900 average
2010,Greenland Ice Sheet,47.963469100999994,47.914426414,48.014426418999996,mm difference from 1900 average
2011,Greenland Ice Sheet,49.278601763999994,49.264426467999996,49.31442642,mm difference from 1900 average
2012,Greenland Ice Sheet,50.468914268,50.414426324999994,50.56442642,mm difference from 1900 average
2013,Greenland Ice Sheet,51.508197067,51.414426324999994,51.664426324999994,mm difference from 1900 average
2014,Greenland Ice Sheet,51.913974759999995,51.764426467999996,52.114426611,mm difference from 1900 average
2015,Greenland Ice Sheet,52.494413374,52.264426228999994,52.764426228999994,mm difference from 1900 average
2016,Greenland Ice Sheet,53.246183392999995,53.014426228999994,53.56442642,mm difference from 1900 average
2017,Greenland Ice Sheet,53.896996496,53.56442642,54.264426228999994,mm difference from 1900 average
2018,Greenland Ice Sheet,54.03384733,53.664426324999994,54.464426515,mm difference from 1900 average
1900,Terrestrial Water Storage,0.0,-9.526826148,9.473173139999998,mm difference from 1900 average
1901,Terrestrial Water Storage,2.9198780000000006,-6.5768261,12.373174660000002,mm difference from 1900 average
1902,Terrestrial Water Storage,4.243982310000002,-5.176826005,13.773174280000001,mm difference from 1900 average
1903,Terrestrial Water Storage,4.29746246,-5.176826005,13.773174280000001,mm difference from 1900 average
1904,Terrestrial Water Storage,3.9002189599999983,-5.626826291,13.373174660000002,mm difference from 1900 average
1905,Terrestrial Water Storage,4.472629540000002,-5.026825908999999,14.07317352,mm difference from 1900 average
1906,Terrestrial Water Storage,2.4642410199999993,-7.026825908999999,12.023174280000001,mm difference from 1900 average
1907,Terrestrial Water Storage,2.09433746,-7.376826291,11.523174280000001,mm difference from 1900 average
1908,Terrestrial Water Storage,2.8013610799999995,-6.626826291,12.32317352,mm difference from 1900 average
1909,Terrestrial Water Storage,3.656810760000001,-5.776825908999999,13.1731739,mm difference from 1900 average
1910,Terrestrial Water Storage,4.026531220000001,-5.476826195,13.723173139999998,mm difference from 1900 average
1911,Terrestrial Water Storage,4.389801019999998,-5.0768261,13.9231739,mm difference from 1900 average
1912,Terrestrial Water Storage,4.205476760000002,-5.176826005,13.523174280000001,mm difference from 1900 average
1913,Terrestrial Water Storage,3.1483354499999994,-6.3268261,12.4231739,mm difference from 1900 average
1914,Terrestrial Water Storage,4.577768319999999,-4.976826195,14.123174660000002,mm difference from 1900 average
1915,Terrestrial Water Storage,5.467788690000001,-3.976825718999999,14.873174660000002,mm difference from 1900 average
1916,Terrestrial Water Storage,3.1447258,-6.426826005,12.473173139999998,mm difference from 1900 average
1917,Terrestrial Water Storage,0.3319702099999997,-9.0768261,9.773174280000001,mm difference from 1900 average
1918,Terrestrial Water Storage,2.5943984899999997,-6.876826291,12.023174280000001,mm difference from 1900 average
1919,Terrestrial Water Storage,4.386186599999997,-5.0768261,13.773174280000001,mm difference from 1900 average
1920,Terrestrial Water Storage,3.8154945300000005,-5.526825908999999,13.07317352,mm difference from 1900 average
1921,Terrestrial Water Storage,3.3998775400000003,-6.126826291,12.82317352,mm difference from 1900 average
1922,Terrestrial Water Storage,3.001825330000001,-6.3268261,12.473173139999998,mm difference from 1900 average
1923,Terrestrial Water Storage,0.990878099999998,-8.426826004999999,10.223173139999998,mm difference from 1900 average
1924,Terrestrial Water Storage,1.9951019199999998,-7.226826195,11.273174280000001,mm difference from 1900 average
1925,Terrestrial Water Storage,2.088880530000001,-7.376826291,11.273174280000001,mm difference from 1900 average
1926,Terrestrial Water Storage,1.2950248700000007,-8.126826291,10.523174280000001,mm difference from 1900 average
1927,Terrestrial Water Storage,0.30215930000000135,-8.976826195000001,9.4231739,mm difference from 1900 average
1928,Terrestrial Water Storage,1.92793846,-7.3268261,11.1731739,mm difference from 1900 average
1929,Terrestrial Water Storage,2.7145271300000005,-6.476826195,11.773174280000001,mm difference from 1900 average
1930,Terrestrial Water Storage,3.8715267099999995,-5.176826005,12.973173139999998,mm difference from 1900 average
1931,Terrestrial Water Storage,3.8493537900000003,-5.276825908999999,13.123174660000002,mm difference from 1900 average
1932,Terrestrial Water Storage,3.6931667299999997,-5.426826005,13.023174280000001,mm difference from 1900 average
1933,Terrestrial Water Storage,3.6607522899999996,-5.426826005,12.773174280000001,mm difference from 1900 average
1934,Terrestrial Water Storage,2.98993778,-6.0768261,12.123174660000002,mm difference from 1900 average
1935,Terrestrial Water Storage,2.0265569600000006,-7.226826195,11.07317352,mm difference from 1900 average
1936,Terrestrial Water Storage,3.9055194800000006,-5.176826005,13.023174280000001,mm difference from 1900 average
1937,Terrestrial Water Storage,3.9742813100000003,-4.926826005,12.873174660000002,mm difference from 1900 average
1938,Terrestrial Water Storage,3.3181219100000003,-5.676826005,12.123174660000002,mm difference from 1900 average
1939,Terrestrial Water Storage,3.04134273,-5.926826005,11.9231739,mm difference from 1900 average
1940,Terrestrial Water Storage,3.5757350900000002,-5.376826291,12.6731739,mm difference from 1900 average
1941,Terrestrial Water Storage,3.56615066,-5.276825908999999,12.473173139999998,mm difference from 1900 average
1942,Terrestrial Water Storage,2.5595741200000006,-6.376826291,11.473173139999998,mm difference from 1900 average
1943,Terrestrial Water Storage,1.7882995600000005,-7.126826291,10.723173139999998,mm difference from 1900 average
1944,Terrestrial Water Storage,3.171503060000001,-5.676826005,12.1731739,mm difference from 1900 average
1945,Terrestrial Water Storage,1.9449872900000003,-6.926826005,10.773174280000001,mm difference from 1900 average
1946,Terrestrial Water Storage,2.0981416700000004,-6.726826195,10.773174280000001,mm difference from 1900 average
1947,Terrestrial Water Storage,1.3774013499999995,-7.426826005,10.223173139999998,mm difference from 1900 average
1948,Terrestrial Water Storage,1.0857009800000004,-7.626826291,9.623174660000002,mm difference from 1900 average
1949,Terrestrial Water Storage,1.2985420199999993,-7.376826291,9.82317352,mm difference from 1900 average
1950,Terrestrial Water Storage,-0.01671791999999961,-8.726826195000001,8.4231739,mm difference from 1900 average
1951,Terrestrial Water Storage,2.0969037999999998,-6.5768261,10.57317352,mm difference from 1900 average
1952,Terrestrial Water Storage,2.3552742,-5.976826195,10.82317352,mm difference from 1900 average
1953,Terrestrial Water Storage,1.3559217399999994,-6.876826291,9.82317352,mm difference from 1900 average
1954,Terrestrial Water Storage,1.47752571,-7.026825908999999,9.9231739,mm difference from 1900 average
1955,Terrestrial Water Storage,-0.5528240199999992,-8.8268261,7.573173519999999,mm difference from 1900 average
1956,Terrestrial Water Storage,-3.1991272019999997,-11.426826124,4.773174280000001,mm difference from 1900 average
1957,Terrestrial Water Storage,-2.9429922150000003,-11.0768261,5.073173519999999,mm difference from 1900 average
1958,Terrestrial Water Storage,-1.1825714200000004,-9.126826052,6.823173519999999,mm difference from 1900 average
1959,Terrestrial Water Storage,-1.784338,-9.5768261,5.973173139999998,mm difference from 1900 average
1960,Terrestrial Water Storage,-2.402973179,-9.976826195000001,5.223173139999998,mm difference from 1900 average
1961,Terrestrial Water Storage,-2.754354481,-10.226826195000001,4.723173139999998,mm difference from 1900 average
1962,Terrestrial Water Storage,-3.5214767499999997,-10.8268261,3.873174660000002,mm difference from 1900 average
1963,Terrestrial Water Storage,-3.5187606860000002,-10.926826124,3.873174660000002,mm difference from 1900 average
1964,Terrestrial Water Storage,-3.725033763999999,-10.776826148,3.4231739,mm difference from 1900 average
1965,Terrestrial Water Storage,-4.7988042879999995,-11.376826112,1.9231739,mm difference from 1900 average
1966,Terrestrial Water Storage,-5.568082337000001,-12.026826088,0.9731740900000005,mm difference from 1900 average
1967,Terrestrial Water Storage,-6.528607373,-12.876826112,-0.226825719999999,mm difference from 1900 average
1968,Terrestrial Water Storage,-8.328528885,-14.3268261,-2.176826480000001,mm difference from 1900 average
1969,Terrestrial Water Storage,-7.741994385,-13.476826076,-1.9268264800000008,mm difference from 1900 average
1970,Terrestrial Water Storage,-8.863307004,-14.376826052,-3.226825718999999,mm difference from 1900 average
1971,Terrestrial Water Storage,-10.26901484,-15.776826148,-4.876826291,mm difference from 1900 average
1972,Terrestrial Water Storage,-10.112520460999999,-15.3268261,-4.976826195,mm difference from 1900 average
1973,Terrestrial Water Storage,-11.667921428,-16.726826195,-6.676826005,mm difference from 1900 average
1974,Terrestrial Water Storage,-16.951263432,-21.726825718999997,-12.176826093999999,mm difference from 1900 average
1975,Terrestrial Water Storage,-14.93472815,-19.776825909,-10.276826148,mm difference from 1900 average
1976,Terrestrial Water Storage,-14.52331448,-19.176826005,-10.0768261,mm difference from 1900 average
1977,Terrestrial Water Storage,-13.653495197,-18.076826099999998,-9.226826195000001,mm difference from 1900 average
1978,Terrestrial Water Storage,-16.675763135,-20.926826481,-12.476826106,mm difference from 1900 average
1979,Terrestrial Water Storage,-17.241899972,-21.426826481,-13.276826088,mm difference from 1900 average
1980,Terrestrial Water Storage,-15.237027888,-19.276825909,-11.376826112,mm difference from 1900 average
1981,Terrestrial Water Storage,-16.091821197999998,-19.926826005,-12.426826101,mm difference from 1900 average
1982,Terrestrial Water Storage,-16.466808324,-20.226826195,-12.876826112,mm difference from 1900 average
1983,Terrestrial Water Storage,-15.597054963,-19.226826195,-12.0768261,mm difference from 1900 average
1984,Terrestrial Water Storage,-16.569917683,-20.126826291,-13.176826124,mm difference from 1900 average
1985,Terrestrial Water Storage,-17.369835381,-20.676826481,-14.176826124,mm difference from 1900 average
1986,Terrestrial Water Storage,-17.675534253000002,-20.776825909,-14.5768261,mm difference from 1900 average
1987,Terrestrial Water Storage,-14.722213273,-17.726826195,-11.726826076,mm difference from 1900 average
1988,Terrestrial Water Storage,-15.281853203,-18.376826291,-12.3268261,mm difference from 1900 average
1989,Terrestrial Water Storage,-17.250548367,-20.076826099999998,-14.376826052,mm difference from 1900 average
1990,Terrestrial Water Storage,-17.130229478,-19.926826005,-14.426826004999999,mm difference from 1900 average
1991,Terrestrial Water Storage,-16.429007058,-19.176826005,-13.776826148,mm difference from 1900 average
1992,Terrestrial Water Storage,-14.709595446,-17.376826291,-12.226826099,mm difference from 1900 average
1993,Terrestrial Water Storage,-17.287591462,-19.926826005,-14.626826052,mm difference from 1900 average
1994,Terrestrial Water Storage,-17.388232236,-19.876826291,-14.926826004999999,mm difference from 1900 average
1995,Terrestrial Water Storage,-16.14533091,-18.526825909,-13.676826124,mm difference from 1900 average
1996,Terrestrial Water Storage,-16.258786921,-18.676826005,-13.776826148,mm difference from 1900 average
1997,Terrestrial Water Storage,-17.045321946,-19.576826099999998,-14.526826148,mm difference from 1900 average
1998,Terrestrial Water Storage,-15.984903339999999,-18.276825909,-13.5768261,mm difference from 1900 average
1999,Terrestrial Water Storage,-16.759805207,-18.926826005,-14.426826004999999,mm difference from 1900 average
2000,Terrestrial Water Storage,-17.917235856,-20.026825909,-15.626826052,mm difference from 1900 average
2001,Terrestrial Water Storage,-15.597260003,-17.726826195,-13.226826076,mm difference from 1900 average
2002,Terrestrial Water Storage,-13.740151052,-15.776826148,-11.476826076,mm difference from 1900 average
2003,Terrestrial Water Storage,-12.944068973,-14.376826052,-11.226826076,mm difference from 1900 average
2004,Terrestrial Water Storage,-15.635384802,-16.926826005,-14.126826052,mm difference from 1900 average
2005,Terrestrial Water Storage,-14.078117613,-15.126826052,-12.776826088,mm difference from 1900 average
2006,Terrestrial Water Storage,-13.856883888,-14.726826195000001,-12.8268261,mm difference from 1900 average
2007,Terrestrial Water Storage,-14.617300038,-15.276826148,-13.776826148,mm difference from 1900 average
2008,Terrestrial Water Storage,-14.383980517,-14.926826004999999,-13.776826148,mm difference from 1900 average
2009,Terrestrial Water Storage,-13.359282617,-13.676826124,-12.976826076,mm difference from 1900 average
2010,Terrestrial Water Storage,-12.854297404,-13.0768261,-12.626826112,mm difference from 1900 average
2011,Terrestrial Water Storage,-15.654118304,-15.876826052,-15.426826004999999,mm difference from 1900 average
2012,Terrestrial Water Storage,-11.590048556,-11.976826106,-11.226826076,mm difference from 1900 average
2013,Terrestrial Water Storage,-11.928054187999999,-12.476826106,-11.426826124,mm difference from 1900 average
2014,Terrestrial Water Storage,-13.085922782,-13.926826124,-12.376826101,mm difference from 1900 average
2015,Terrestrial Water Storage,-8.982731585,-10.026826148,-8.0768261,mm difference from 1900 average
2016,Terrestrial Water Storage,-7.373301987,-8.676826004999999,-6.3268261,mm difference from 1900 average
2017,Terrestrial Water Storage,-9.571606402,-11.126826052,-8.276825909,mm difference from 1900 average
2018,Terrestrial Water Storage,-10.321581368,-12.126826097,-8.876826052,mm difference from 1900 average
1900,Thermosteric,0.0,-10.38695526,10.726432800000005,mm difference from 1900 average
1901,Thermosteric,-0.8655471800000001,-10.475795749999996,9.429748530000005,mm difference from 1900 average
1902,Thermosteric,-1.5982093800000001,-10.875667569999997,8.390522000000004,mm difference from 1900 average
1903,Thermosteric,-2.8212394699999948,-12.705661769999999,7.463489530000004,mm difference from 1900 average
1904,Thermosteric,-3.9608268699999982,-14.306362149999998,6.90009689,mm difference from 1900 average
1905,Thermosteric,-4.745868679999994,-13.73743057,5.102195740000006,mm difference from 1900 average
1906,Thermosteric,-5.721401219999997,-16.37292481,5.057960510000001,mm difference from 1900 average
1907,Thermosteric,-6.358734129999995,-16.03681182999999,3.4653015100000033,mm difference from 1900 average
1908,Thermosteric,-6.9425964399999955,-17.359214780000002,3.8107261700000024,mm difference from 1900 average
1909,Thermosteric,-8.02476883,-18.12611389,1.9804725600000026,mm difference from 1900 average
1910,Thermosteric,-8.875038149999995,-18.33580017,1.3404541000000023,mm difference from 1900 average
1911,Thermosteric,-8.92648697,-18.912742620000003,1.3374519300000003,mm difference from 1900 average
1912,Thermosteric,-8.870445249999996,-18.47743987999999,1.2813606300000018,mm difference from 1900 average
1913,Thermosteric,-8.288013459999995,-17.58216858,1.5063324000000051,mm difference from 1900 average
1914,Thermosteric,-7.245544429999995,-17.752395629999995,3.353179930000003,mm difference from 1900 average
1915,Thermosteric,-6.987258909999994,-16.874977110000003,3.440917970000001,mm difference from 1900 average
1916,Thermosteric,-6.633361820000005,-16.453979489999995,3.4575233500000024,mm difference from 1900 average
1917,Thermosteric,-6.417999269999996,-16.350296020000002,4.069229130000004,mm difference from 1900 average
1918,Thermosteric,-6.44365311,-16.46186066,3.9192199700000003,mm difference from 1900 average
1919,Thermosteric,-6.656967160000001,-16.556991580000002,3.4525756799999954,mm difference from 1900 average
1920,Thermosteric,-6.527759549999999,-16.313766479999998,3.1310691800000043,mm difference from 1900 average
1921,Thermosteric,-6.75277329,-14.768268589999998,2.2935104400000057,mm difference from 1900 average
1922,Thermosteric,-6.81303406,-15.14099503,1.8322410600000012,mm difference from 1900 average
1923,Thermosteric,-7.244281770000001,-15.316280369999994,1.2549819900000045,mm difference from 1900 average
1924,Thermosteric,-7.174518589999998,-15.682224269999999,2.1160965000000047,mm difference from 1900 average
1925,Thermosteric,-6.513553619999996,-15.139522549999995,2.6765785199999996,mm difference from 1900 average
1926,Thermosteric,-5.668964389999999,-14.17211914,3.270755770000001,mm difference from 1900 average
1927,Thermosteric,-5.150867460000001,-13.562217709999999,3.8805580100000014,mm difference from 1900 average
1928,Thermosteric,-4.431236269999999,-12.859214779999995,4.435871120000002,mm difference from 1900 average
1929,Thermosteric,-4.098068239999996,-12.026130679999994,4.889114380000002,mm difference from 1900 average
1930,Thermosteric,-3.72422409,-11.654041289999995,5.179641719999999,mm difference from 1900 average
1931,Thermosteric,-3.398807529999999,-11.502571109999998,4.886417390000005,mm difference from 1900 average
1932,Thermosteric,-3.0178489699999957,-11.087501529999997,5.581272120000001,mm difference from 1900 average
1933,Thermosteric,-2.5728683500000002,-10.89429474,6.0582771300000005,mm difference from 1900 average
1934,Thermosteric,-2.4336967499999957,-11.13471603,7.107105250000004,mm difference from 1900 average
1935,Thermosteric,-1.774230959999997,-9.893363949999994,6.347633360000003,mm difference from 1900 average
1936,Thermosteric,-0.7339897199999967,-8.97865677,8.166713710000003,mm difference from 1900 average
1937,Thermosteric,0.4306907600000045,-7.383239749999994,8.769325260000002,mm difference from 1900 average
1938,Thermosteric,1.6537284800000052,-7.054683689999997,10.629322050000006,mm difference from 1900 average
1939,Thermosteric,3.0789833100000052,-5.419738769999995,11.967601780000003,mm difference from 1900 average
1940,Thermosteric,4.403854370000005,-3.6764678999999987,12.977390290000002,mm difference from 1900 average
1941,Thermosteric,5.1690521200000035,-3.192302699999999,13.879657740000006,mm difference from 1900 average
1942,Thermosteric,6.4255523700000055,-1.623088839999994,15.189674380000007,mm difference from 1900 average
1943,Thermosteric,8.076015470000002,-0.04614257999999438,16.77580452,mm difference from 1900 average
1944,Thermosteric,9.280094150000004,1.3932342500000061,17.75965881,mm difference from 1900 average
1945,Thermosteric,9.381427760000001,1.605331420000006,17.552391050000004,mm difference from 1900 average
1946,Thermosteric,9.269626620000004,0.8440437300000028,18.035284040000004,mm difference from 1900 average
1947,Thermosteric,8.756443020000006,0.5445251500000055,17.36377716,mm difference from 1900 average
1948,Thermosteric,7.713729860000001,-0.5732612599999953,16.41402817,mm difference from 1900 average
1949,Thermosteric,7.11745071,-0.6098556500000001,15.57054901,mm difference from 1900 average
1950,Thermosteric,7.946357730000003,-0.295883179999997,16.536046980000002,mm difference from 1900 average
1951,Thermosteric,8.91759872,0.6998825100000019,17.696643830000003,mm difference from 1900 average
1952,Thermosteric,9.710800170000006,1.5349769600000016,18.248090740000002,mm difference from 1900 average
1953,Thermosteric,9.721214290000006,1.3534698500000033,18.878622050000004,mm difference from 1900 average
1954,Thermosteric,9.881576540000005,1.449234010000005,18.561233520000002,mm difference from 1900 average
1955,Thermosteric,9.849617000000002,2.13980102,18.099664690000004,mm difference from 1900 average
1956,Thermosteric,10.097904200000002,2.198452000000003,18.63051224,mm difference from 1900 average
1957,Thermosteric,10.611602780000005,6.731452940000004,15.462707520000002,mm difference from 1900 average
1958,Thermosteric,15.427768710000002,12.208492280000002,17.738304140000004,mm difference from 1900 average
1959,Thermosteric,13.390281680000001,9.1619873,17.281574250000002,mm difference from 1900 average
1960,Thermosteric,16.1255722,12.464344020000006,19.265085220000003,mm difference from 1900 average
1961,Thermosteric,18.0017643,14.427650450000002,21.825008390000004,mm difference from 1900 average
1962,Thermosteric,19.29096794,15.627593990000001,22.363969800000003,mm difference from 1900 average
1963,Thermosteric,17.95633507,14.018001560000002,21.5224514,mm difference from 1900 average
1964,Thermosteric,15.614173890000004,13.349727630000004,19.693866730000003,mm difference from 1900 average
1965,Thermosteric,15.19936371,13.410831450000003,17.947334290000004,mm difference from 1900 average
1966,Thermosteric,15.753849030000005,14.801792140000003,16.908483500000003,mm difference from 1900 average
1967,Thermosteric,14.531768800000002,12.659770960000003,17.039461140000004,mm difference from 1900 average
1968,Thermosteric,12.482116700000006,9.56861877,14.022029880000005,mm difference from 1900 average
1969,Thermosteric,13.158744810000002,10.382801060000006,15.278781890000005,mm difference from 1900 average
1970,Thermosteric,13.799568180000001,11.19265747,16.785295490000003,mm difference from 1900 average
1971,Thermosteric,15.913158420000002,13.99818802,18.346889500000003,mm difference from 1900 average
1972,Thermosteric,17.049566270000003,15.514404300000002,19.75151062,mm difference from 1900 average
1973,Thermosteric,17.80825043,15.21276855,20.798158640000004,mm difference from 1900 average
1974,Thermosteric,18.781032560000003,16.02204132,22.119628910000003,mm difference from 1900 average
1975,Thermosteric,21.270013810000002,19.570878980000003,24.202381130000003,mm difference from 1900 average
1976,Thermosteric,20.884456630000003,17.991107940000003,25.894283290000004,mm difference from 1900 average
1977,Thermosteric,22.071926120000004,19.144676210000004,26.328306200000004,mm difference from 1900 average
1978,Thermosteric,22.39680862,17.742082600000003,27.458581920000004,mm difference from 1900 average
1979,Thermosteric,22.046621320000003,17.153665540000002,28.840780260000002,mm difference from 1900 average
1980,Thermosteric,25.177320480000002,22.668413160000004,28.50443268,mm difference from 1900 average
1981,Thermosteric,24.802371980000004,22.17814827,27.427497860000003,mm difference from 1900 average
1982,Thermosteric,23.483362200000002,20.665893550000003,27.275470730000002,mm difference from 1900 average
1983,Thermosteric,22.057155610000002,18.228097910000002,27.246160510000003,mm difference from 1900 average
1984,Thermosteric,22.346021650000004,16.6885891,27.29469299,mm difference from 1900 average
1985,Thermosteric,24.02379227,20.013118740000003,27.965438840000004,mm difference from 1900 average
1986,Thermosteric,25.700216290000004,23.949476240000003,28.693273540000003,mm difference from 1900 average
1987,Thermosteric,25.52787018,23.23696518,29.152656550000003,mm difference from 1900 average
1988,Thermosteric,26.579219820000002,23.380159380000006,29.568014140000002,mm difference from 1900 average
1989,Thermosteric,26.143232340000004,22.449043270000004,29.871391300000003,mm difference from 1900 average
1990,Thermosteric,26.26482963,22.196594240000003,29.925231930000002,mm difference from 1900 average
1991,Thermosteric,28.95923614,26.871519090000003,31.053850170000004,mm difference from 1900 average
1992,Thermosteric,28.902057650000003,25.542987820000004,32.755171780000005,mm difference from 1900 average
1993,Thermosteric,28.521860120000003,25.612197880000004,33.155520440000004,mm difference from 1900 average
1994,Thermosteric,29.459287640000003,27.58903885,32.452125550000005,mm difference from 1900 average
1995,Thermosteric,28.494909290000002,26.125223160000004,32.30681705000001,mm difference from 1900 average
1996,Thermosteric,31.543090820000003,30.387950900000003,33.339360240000005,mm difference from 1900 average
1997,Thermosteric,31.855007170000004,29.547780990000003,33.93097687,mm difference from 1900 average
1998,Thermosteric,32.08606338,29.582036970000004,34.79686832,mm difference from 1900 average
1999,Thermosteric,34.156084060000005,32.578112600000004,35.4215498,mm difference from 1900 average
2000,Thermosteric,33.72195816,31.742763520000004,36.354942320000006,mm difference from 1900 average
2001,Thermosteric,36.61623096,34.79049873,38.350506782000004,mm difference from 1900 average
2002,Thermosteric,39.939749717000005,38.739456176000004,40.924397945,mm difference from 1900 average
2003,Thermosteric,42.662873744,41.431649684,44.800595521000005,mm difference from 1900 average
2004,Thermosteric,42.641277789,41.777798175,43.287504672000004,mm difference from 1900 average
2005,Thermosteric,43.370973109000005,42.779090404,44.089442252000005,mm difference from 1900 average
2006,Thermosteric,44.607909679,43.640883922,45.863939761000005,mm difference from 1900 average
2007,Thermosteric,43.654444217000005,42.261305808,44.808595180000005,mm difference from 1900 average
2008,Thermosteric,45.496056556,44.583018064,46.198093414000006,mm difference from 1900 average
2009,Thermosteric,47.128347873,46.436728834,48.340095802,mm difference from 1900 average
2010,Thermosteric,46.680604457,46.29386413,47.141547918,mm difference from 1900 average
2011,Thermosteric,47.820109337000005,47.436225115,48.277374004,mm difference from 1900 average
2012,Thermosteric,49.458888172,48.833155631000004,50.081809162,mm difference from 1900 average
2013,Thermosteric,51.391955613,51.019805431,51.948729276,mm difference from 1900 average
2014,Thermosteric,52.949382304000004,52.587893962,53.308056831,mm difference from 1900 average
2015,Thermosteric,55.024049281,54.212875842,55.518866538000005,mm difference from 1900 average
2016,Thermosteric,54.751813411,53.965489864000006,55.699709415,mm difference from 1900 average
2017,Thermosteric,56.327668189,55.808067321,57.092197417,mm difference from 1900 average
2018,Thermosteric,56.842864989000006,56.016562938,57.839350700000004,mm difference from 1900 average
